{
  "SRCC": 0.18137635788200615,
  "PLCC": 0.19303453193881148,
  "RMSE": 0.28420268196543264,
  "Score": 0.1860396275047283,
  "n_val": 6000
}